SKU,Week,Forecast
SKU001,2026-01-04,95.23901563859289
SKU002,2026-01-04,63.22951374801009
SKU003,2026-01-04,37.581253118527904
SKU004,2026-01-04,34.36642876841007
SKU005,2026-01-04,112.16078487157877
SKU006,2026-01-04,42.66926313054463
SKU007,2026-01-04,169.1578075645884
SKU008,2026-01-04,104.42866525025823
SKU009,2026-01-04,76.39838378805193
SKU010,2026-01-04,114.35296119192759
SKU011,2026-01-04,19.941774629036466
SKU012,2026-01-04,164.08549941375188
SKU013,2026-01-04,94.8541007036811
SKU014,2026-01-04,128.82336156126533
SKU015,2026-01-04,26.995180353441995
SKU016,2026-01-04,89.07000691303789
SKU017,2026-01-04,102.25650097685825
SKU018,2026-01-04,166.18951791002226
SKU019,2026-01-04,103.6885898688166
SKU020,2026-01-04,97.15640335581392
SKU021,2026-01-04,50.518691650206016
SKU022,2026-01-04,72.28527441426753
SKU023,2026-01-04,105.98616222246713
SKU024,2026-01-04,83.65108660412412
SKU025,2026-01-04,18.56963025477524
SKU026,2026-01-04,159.5818381084125
SKU027,2026-01-04,183.86068879914697
SKU028,2026-01-04,36.32515909631569
SKU029,2026-01-04,111.66465900587164
SKU030,2026-01-04,30.56900322728311
SKU031,2026-01-04,130.4084405988045
SKU032,2026-01-04,57.708912470935054
SKU033,2026-01-04,112.16501576982661
SKU034,2026-01-04,124.46050383836739
SKU035,2026-01-04,144.60837847296222
SKU036,2026-01-04,32.56293168750651
SKU037,2026-01-04,155.84086163511944
SKU038,2026-01-04,53.58041924235857
SKU039,2026-01-04,18.536106860594195
SKU040,2026-01-04,98.67928416594823
SKU041,2026-01-04,74.36257877513468
SKU042,2026-01-04,156.98506798531037
SKU043,2026-01-04,158.14161660591975
SKU044,2026-01-04,60.693408618146556
SKU045,2026-01-04,162.6095989399024
SKU046,2026-01-04,59.73931107154607
SKU047,2026-01-04,108.315113766684
SKU048,2026-01-04,53.13121080574818
SKU049,2026-01-04,166.4839829658725
SKU050,2026-01-04,43.04861718659543
SKU001,2026-01-11,97.51107130816182
SKU002,2026-01-11,64.9239203630246
SKU003,2026-01-11,34.45400370816494
SKU004,2026-01-11,35.132675530847266
SKU005,2026-01-11,114.14781419309588
SKU006,2026-01-11,43.34408312619783
SKU007,2026-01-11,169.46028852175846
SKU008,2026-01-11,110.57719481879404
SKU009,2026-01-11,77.51865118235456
SKU010,2026-01-11,118.4314424461919
SKU011,2026-01-11,18.256565731049882
SKU012,2026-01-11,167.73190411264454
SKU013,2026-01-11,99.18437001973955
SKU014,2026-01-11,135.9548244243026
SKU015,2026-01-11,26.189029453029267
SKU016,2026-01-11,94.46072665380943
SKU017,2026-01-11,103.30718042465914
SKU018,2026-01-11,174.98343892900806
SKU019,2026-01-11,112.36102624006928
SKU020,2026-01-11,101.63197386864354
SKU021,2026-01-11,57.59331496571944
SKU022,2026-01-11,76.04002649823771
SKU023,2026-01-11,106.38864901635276
SKU024,2026-01-11,84.2727003767107
SKU025,2026-01-11,19.133530114510357
SKU026,2026-01-11,145.4844756077015
SKU027,2026-01-11,168.98137228246256
SKU028,2026-01-11,31.333074815143767
SKU029,2026-01-11,115.99023522345159
SKU030,2026-01-11,33.32695811906633
SKU031,2026-01-11,134.7458133669628
SKU032,2026-01-11,59.790112402769694
SKU033,2026-01-11,118.67419156935671
SKU034,2026-01-11,125.13557054840342
SKU035,2026-01-11,137.97760842922727
SKU036,2026-01-11,36.46849127946335
SKU037,2026-01-11,153.29806213291198
SKU038,2026-01-11,52.947985134486046
SKU039,2026-01-11,21.290314059761307
SKU040,2026-01-11,99.69390465762736
SKU041,2026-01-11,76.42953493249512
SKU042,2026-01-11,147.7722400706075
SKU043,2026-01-11,157.10252139862138
SKU044,2026-01-11,67.09459898542177
SKU045,2026-01-11,161.73809683700105
SKU046,2026-01-11,68.92000195006705
SKU047,2026-01-11,103.46267776973869
SKU048,2026-01-11,54.50896182443143
SKU049,2026-01-11,174.9975494994525
SKU050,2026-01-11,41.10940772391746
SKU001,2026-01-18,98.85939669364046
SKU002,2026-01-18,67.4558570610023
SKU003,2026-01-18,34.677879047433194
SKU004,2026-01-18,33.880674532920764
SKU005,2026-01-18,119.9883322288645
SKU006,2026-01-18,44.83201408541996
SKU007,2026-01-18,162.22849505605348
SKU008,2026-01-18,114.23812831266676
SKU009,2026-01-18,82.17982150679083
SKU010,2026-01-18,112.08971843380512
SKU011,2026-01-18,18.860384188911443
SKU012,2026-01-18,171.5296466966061
SKU013,2026-01-18,91.38427249680113
SKU014,2026-01-18,143.95015650372125
SKU015,2026-01-18,26.860023041694873
SKU016,2026-01-18,97.18740121194806
SKU017,2026-01-18,102.77589100646325
SKU018,2026-01-18,162.71769010396076
SKU019,2026-01-18,119.54482321112218
SKU020,2026-01-18,94.10625035649973
SKU021,2026-01-18,56.42889403812212
SKU022,2026-01-18,77.34611567977176
SKU023,2026-01-18,101.38803542893798
SKU024,2026-01-18,85.68273123562224
SKU025,2026-01-18,20.643071012107836
SKU026,2026-01-18,153.64897253891047
SKU027,2026-01-18,179.4494453703921
SKU028,2026-01-18,32.74776082537825
SKU029,2026-01-18,109.95761525012456
SKU030,2026-01-18,28.949241399482876
SKU031,2026-01-18,139.8455538716279
SKU032,2026-01-18,69.22213580646095
SKU033,2026-01-18,126.380979989938
SKU034,2026-01-18,133.45347765749017
SKU035,2026-01-18,147.93345797110516
SKU036,2026-01-18,34.59293582457973
SKU037,2026-01-18,163.23579982190114
SKU038,2026-01-18,51.26681320487511
SKU039,2026-01-18,20.624351908875425
SKU040,2026-01-18,103.04369800488232
SKU041,2026-01-18,76.73396763645039
SKU042,2026-01-18,155.50147442346287
SKU043,2026-01-18,145.20636135207047
SKU044,2026-01-18,69.66533356635695
SKU045,2026-01-18,153.89720180856378
SKU046,2026-01-18,61.770204704351805
SKU047,2026-01-18,98.9636705193895
SKU048,2026-01-18,56.60065893016377
SKU049,2026-01-18,177.16670470290555
SKU050,2026-01-18,40.83308253565683
SKU001,2026-01-25,97.92051374644366
SKU002,2026-01-25,64.36729859150306
SKU003,2026-01-25,36.491631676866724
SKU004,2026-01-25,34.47302388151702
SKU005,2026-01-25,108.59039353354638
SKU006,2026-01-25,44.450013304326134
SKU007,2026-01-25,173.1545809172224
SKU008,2026-01-25,114.12887107162209
SKU009,2026-01-25,83.01858201293024
SKU010,2026-01-25,105.80931918407927
SKU011,2026-01-25,22.14848932400735
SKU012,2026-01-25,173.2146576786825
SKU013,2026-01-25,96.99267257699056
SKU014,2026-01-25,158.75644603181433
SKU015,2026-01-25,28.250397132511868
SKU016,2026-01-25,96.2235577829235
SKU017,2026-01-25,99.35158692139827
SKU018,2026-01-25,162.4964400826691
SKU019,2026-01-25,113.85219040460588
SKU020,2026-01-25,96.44197377950948
SKU021,2026-01-25,53.12895827445905
SKU022,2026-01-25,77.31304483236535
SKU023,2026-01-25,97.06673502259869
SKU024,2026-01-25,85.78221026590826
SKU025,2026-01-25,19.302594575404516
SKU026,2026-01-25,155.44725290195424
SKU027,2026-01-25,177.31076157803795
SKU028,2026-01-25,34.69566003425532
SKU029,2026-01-25,106.18755781655987
SKU030,2026-01-25,30.943275263171255
SKU031,2026-01-25,139.39804732565247
SKU032,2026-01-25,64.47698752064159
SKU033,2026-01-25,113.72434972282672
SKU034,2026-01-25,139.46666719594862
SKU035,2026-01-25,153.37775544504274
SKU036,2026-01-25,32.52127333348216
SKU037,2026-01-25,165.8169902441534
SKU038,2026-01-25,54.88753320838929
SKU039,2026-01-25,21.564962848240718
SKU040,2026-01-25,101.04354971754974
SKU041,2026-01-25,80.5821972265636
SKU042,2026-01-25,158.199760357584
SKU043,2026-01-25,151.33828177147674
SKU044,2026-01-25,71.40717708234196
SKU045,2026-01-25,180.28604949872806
SKU046,2026-01-25,60.19391835566702
SKU047,2026-01-25,103.60983181384292
SKU048,2026-01-25,57.901861098119916
SKU049,2026-01-25,158.81902802925748
SKU050,2026-01-25,43.7402603886681
SKU001,2026-02-01,100.81732265823224
SKU002,2026-02-01,72.7510003373193
SKU003,2026-02-01,35.91148036623415
SKU004,2026-02-01,34.67320435284684
SKU005,2026-02-01,108.66538949457909
SKU006,2026-02-01,44.05484192918623
SKU007,2026-02-01,173.3597111408675
SKU008,2026-02-01,108.95107444452258
SKU009,2026-02-01,84.69731070322935
SKU010,2026-02-01,115.72876915023917
SKU011,2026-02-01,20.250180237826992
SKU012,2026-02-01,177.22496981830284
SKU013,2026-02-01,100.0968894199306
SKU014,2026-02-01,142.02511853395302
SKU015,2026-02-01,27.0703849509381
SKU016,2026-02-01,101.34668993304139
SKU017,2026-02-01,104.1432517331356
SKU018,2026-02-01,179.96526165790118
SKU019,2026-02-01,113.79113483573514
SKU020,2026-02-01,99.29064933987439
SKU021,2026-02-01,60.044307151195206
SKU022,2026-02-01,79.57129929860197
SKU023,2026-02-01,102.40486250926655
SKU024,2026-02-01,88.33399983425777
SKU025,2026-02-01,19.780081025538212
SKU026,2026-02-01,164.39365142615642
SKU027,2026-02-01,167.83460403239425
SKU028,2026-02-01,33.730722701035624
SKU029,2026-02-01,116.45762108330733
SKU030,2026-02-01,34.179428306284954
SKU031,2026-02-01,137.42112770540834
SKU032,2026-02-01,64.83323266035964
SKU033,2026-02-01,128.13680982454477
SKU034,2026-02-01,144.1328892802849
SKU035,2026-02-01,155.36493779808268
SKU036,2026-02-01,35.742642171904066
SKU037,2026-02-01,170.88709341658267
SKU038,2026-02-01,55.46311112407285
SKU039,2026-02-01,23.005140824008908
SKU040,2026-02-01,106.28909265983863
SKU041,2026-02-01,78.64723845723827
SKU042,2026-02-01,167.4872204503099
SKU043,2026-02-01,169.72987991192014
SKU044,2026-02-01,67.95861515897289
SKU045,2026-02-01,173.56016325551187
SKU046,2026-02-01,69.42020170406981
SKU047,2026-02-01,110.05266533738067
SKU048,2026-02-01,60.74685491550975
SKU049,2026-02-01,163.77699193441686
SKU050,2026-02-01,39.2089091482103
SKU001,2026-02-08,101.66890550064637
SKU002,2026-02-08,72.30881311539021
SKU003,2026-02-08,35.03628427436075
SKU004,2026-02-08,37.167181315891085
SKU005,2026-02-08,117.77923736546438
SKU006,2026-02-08,45.89847143163443
SKU007,2026-02-08,173.27140237598545
SKU008,2026-02-08,119.97513825065332
SKU009,2026-02-08,81.9262338574328
SKU010,2026-02-08,120.26704460662177
SKU011,2026-02-08,20.81702125391536
SKU012,2026-02-08,187.09941708881658
SKU013,2026-02-08,101.47546634440134
SKU014,2026-02-08,164.9064093069601
SKU015,2026-02-08,25.74418040997296
SKU016,2026-02-08,108.24719199327542
SKU017,2026-02-08,108.89598528713897
SKU018,2026-02-08,181.65546612710915
SKU019,2026-02-08,108.48650989989008
SKU020,2026-02-08,101.07846402447105
SKU021,2026-02-08,59.16751213152983
SKU022,2026-02-08,76.61256711112243
SKU023,2026-02-08,105.27333004942786
SKU024,2026-02-08,90.78759360513784
SKU025,2026-02-08,22.662287601480887
SKU026,2026-02-08,175.80190902272102
SKU027,2026-02-08,182.73620371145614
SKU028,2026-02-08,40.26285809273712
SKU029,2026-02-08,117.69652780677391
SKU030,2026-02-08,32.82789394486589
SKU031,2026-02-08,137.28289920942217
SKU032,2026-02-08,73.63319787075467
SKU033,2026-02-08,134.4821401984311
SKU034,2026-02-08,141.4575792743441
SKU035,2026-02-08,161.5288607619013
SKU036,2026-02-08,33.72519477117717
SKU037,2026-02-08,173.10867206971943
SKU038,2026-02-08,56.17957554330726
SKU039,2026-02-08,23.25275624759708
SKU040,2026-02-08,101.218601463381
SKU041,2026-02-08,81.82066177253446
SKU042,2026-02-08,159.60866501319936
SKU043,2026-02-08,177.40762204387113
SKU044,2026-02-08,72.5058627161372
SKU045,2026-02-08,175.52546308979265
SKU046,2026-02-08,73.10717316340049
SKU047,2026-02-08,112.16394211895475
SKU048,2026-02-08,59.320564267414554
SKU049,2026-02-08,184.55429169243703
SKU050,2026-02-08,40.82429093482887
SKU001,2026-02-15,106.21907636134989
SKU002,2026-02-15,73.92866840188685
SKU003,2026-02-15,39.283848634832395
SKU004,2026-02-15,35.20625083593773
SKU005,2026-02-15,125.3215028651716
SKU006,2026-02-15,45.76206735452422
SKU007,2026-02-15,171.8657423952702
SKU008,2026-02-15,115.3756769599415
SKU009,2026-02-15,80.1822400636732
SKU010,2026-02-15,113.32668472395322
SKU011,2026-02-15,19.77746422132062
SKU012,2026-02-15,191.72839106292358
SKU013,2026-02-15,104.89877868499748
SKU014,2026-02-15,174.21318236197857
SKU015,2026-02-15,30.8209728211915
SKU016,2026-02-15,108.39987286623267
SKU017,2026-02-15,109.69033260147795
SKU018,2026-02-15,181.2308803155431
SKU019,2026-02-15,118.13216806774379
SKU020,2026-02-15,112.6100818433966
SKU021,2026-02-15,65.83387669155566
SKU022,2026-02-15,85.36391035748694
SKU023,2026-02-15,108.10584774571684
SKU024,2026-02-15,97.12718618433736
SKU025,2026-02-15,20.698788262194448
SKU026,2026-02-15,169.04114980601742
SKU027,2026-02-15,198.9979251340973
SKU028,2026-02-15,34.69115934478847
SKU029,2026-02-15,113.15365934273463
SKU030,2026-02-15,34.95969920636595
SKU031,2026-02-15,154.9909777443948
SKU032,2026-02-15,66.55655956823298
SKU033,2026-02-15,137.51613081358136
SKU034,2026-02-15,145.317027131536
SKU035,2026-02-15,181.10601263598733
SKU036,2026-02-15,36.089092138064686
SKU037,2026-02-15,175.53819019685957
SKU038,2026-02-15,53.576324039176285
SKU039,2026-02-15,21.472459560463946
SKU040,2026-02-15,110.46545956634972
SKU041,2026-02-15,81.94672247220905
SKU042,2026-02-15,177.87449053581514
SKU043,2026-02-15,171.0474259855542
SKU044,2026-02-15,66.64035794585016
SKU045,2026-02-15,177.55121813571503
SKU046,2026-02-15,66.42437448697481
SKU047,2026-02-15,114.40912572831239
SKU048,2026-02-15,60.59035684002497
SKU049,2026-02-15,182.71391901500502
SKU050,2026-02-15,42.81916828157215
SKU001,2026-02-22,104.74641354437956
SKU002,2026-02-22,75.8127250680641
SKU003,2026-02-22,37.12762837955883
SKU004,2026-02-22,34.38941624198127
SKU005,2026-02-22,125.93337762668986
SKU006,2026-02-22,46.48560710559168
SKU007,2026-02-22,183.34642151654097
SKU008,2026-02-22,117.71043692823957
SKU009,2026-02-22,80.27540687038974
SKU010,2026-02-22,113.52576855420695
SKU011,2026-02-22,19.52431487774728
SKU012,2026-02-22,193.81187934314877
SKU013,2026-02-22,104.10942803557668
SKU014,2026-02-22,156.0663417365375
SKU015,2026-02-22,32.18262623532463
SKU016,2026-02-22,107.74700181761112
SKU017,2026-02-22,116.0334470880423
SKU018,2026-02-22,195.41177690544478
SKU019,2026-02-22,127.83532177813316
SKU020,2026-02-22,104.16859477051382
SKU021,2026-02-22,58.34863214059345
SKU022,2026-02-22,83.44915464917312
SKU023,2026-02-22,111.65595622207766
SKU024,2026-02-22,96.04756393119058
SKU025,2026-02-22,18.374150535969676
SKU026,2026-02-22,176.90917225181235
SKU027,2026-02-22,183.81727582085932
SKU028,2026-02-22,35.373102066353844
SKU029,2026-02-22,109.02526359972994
SKU030,2026-02-22,33.406125884729796
SKU031,2026-02-22,141.52047858577237
SKU032,2026-02-22,78.93987329011475
SKU033,2026-02-22,135.5588109394764
SKU034,2026-02-22,152.1364375501248
SKU035,2026-02-22,166.3393474055344
SKU036,2026-02-22,33.38203747933457
SKU037,2026-02-22,177.7192563893031
SKU038,2026-02-22,56.96304848276559
SKU039,2026-02-22,21.017915937570866
SKU040,2026-02-22,107.71634462254326
SKU041,2026-02-22,84.13510496734537
SKU042,2026-02-22,172.69584434606656
SKU043,2026-02-22,152.4334206985354
SKU044,2026-02-22,69.01967353044701
SKU045,2026-02-22,186.47310411758139
SKU046,2026-02-22,71.76456841209641
SKU047,2026-02-22,117.4106716409124
SKU048,2026-02-22,62.13935665131368
SKU049,2026-02-22,188.83141118619156
SKU050,2026-02-22,43.507926861290024
