SKU,Snapshot_Date,Current_Stock,On_Order,Available_Inventory,Lead_Time_Days,Safety_Stock,Reorder_Point,Forecast_8_Week_Demand,Average_Weekly_Forecast,Average_Daily_Forecast,Lead_Time_Demand,Forecast_30_Day_Demand,Stockout_Gap,Stockout_Risk_Score,Stockout_Risk,Overstock_Ratio,Overstock_Risk_Score,Overstock_Risk,Overall_Risk_Score,Recommended_Action,Priority,Shortage_Units,Unit_Value,Stockout_Value_at_Stake,Target_Inventory_30_Days,Excess_Inventory_Units,Overstock_Value_at_Stake,Total_Value_at_Stake
SKU025,2025-12-01,1124,61,1185,14,121,582,159.16,19.9,2.84,39.79,85.27,-1024.21,0.0,Low,13.18,100.0,High,50.0,Markdown / Clear,High,0.0,3901.0,0.0,170.53,953.47,3719474.77,3719474.77
SKU011,2025-12-01,753,269,1022,3,179,247,159.58,19.95,2.85,8.55,85.49,-834.45,0.0,Low,8.81,100.0,High,50.0,Markdown / Clear,High,0.0,3867.09,0.0,170.97,582.03,2250745.01,2250745.01
SKU020,2025-12-01,1002,353,1355,3,129,227,806.48,100.81,14.4,43.2,432.05,-1182.8,0.0,Low,2.32,100.0,High,50.0,Markdown / Clear,High,0.0,5539.34,0.0,864.09,137.91,763928.06,763928.06
SKU012,2025-12-01,47,60,107,12,16,58,1426.43,178.3,25.47,305.66,764.16,214.66,66.74,High,0.06,0.0,Low,33.37,Reorder Now,High,214.66,1445.74,310346.59,1528.31,0.0,0.0,310346.59
SKU003,2025-12-01,349,12,361,3,88,123,290.56,36.32,5.19,15.57,155.66,-257.43,0.0,Low,2.24,100.0,High,50.0,Markdown / Clear,High,0.0,6148.83,0.0,311.32,37.68,231696.64,231696.64
SKU036,2025-12-01,383,135,518,3,77,129,275.08,34.39,4.91,14.74,147.37,-426.26,0.0,Low,2.6,100.0,High,50.0,Markdown / Clear,High,0.0,1499.86,0.0,294.73,88.27,132387.39,132387.39
SKU017,2025-12-01,95,26,121,12,108,274,846.45,105.81,15.12,181.38,453.46,168.38,58.19,Medium,0.21,0.0,Low,29.09,Watch / Volatile,Medium,168.38,6703.26,1128715.28,906.92,0.0,0.0,1128715.28
SKU010,2025-12-01,83,70,153,13,22,60,913.53,114.19,16.31,212.07,489.39,81.07,34.63,Medium,0.17,0.0,Low,17.32,Watch / Volatile,Medium,81.07,7171.69,581407.91,978.78,0.0,0.0,581407.91
SKU031,2025-12-01,93,40,133,13,28,113,1115.61,139.45,19.92,258.98,597.65,153.98,53.66,Medium,0.16,0.0,Low,26.83,Watch / Volatile,Medium,153.98,2525.35,388857.6,1195.3,0.0,0.0,388857.6
SKU040,2025-12-01,67,29,96,9,36,93,828.15,103.52,14.79,133.1,443.65,73.1,43.23,Medium,0.15,0.0,Low,21.61,Watch / Volatile,Medium,73.1,1164.55,85123.39,887.3,0.0,0.0,85123.39
SKU001,2025-12-01,771,147,918,4,159,289,802.98,100.37,14.34,57.36,430.17,-701.64,0.0,Low,1.79,79.23,Medium,39.62,Watch / Volatile,Medium,0.0,3651.31,0.0,860.34,0.0,0.0,0.0
SKU002,2025-12-01,526,29,555,3,94,149,554.78,69.35,9.91,29.72,297.2,-431.28,0.0,Low,1.77,76.98,Medium,38.49,Watch / Volatile,Medium,0.0,5654.6,0.0,594.4,0.0,0.0,0.0
SKU004,2025-12-01,259,254,513,6,98,196,279.29,34.91,4.99,29.92,149.62,-385.08,0.0,Low,1.73,73.11,Medium,36.55,Watch / Volatile,Medium,0.0,1242.88,0.0,299.24,0.0,0.0,0.0
SKU006,2025-12-01,359,485,844,13,129,340,357.5,44.69,6.38,82.99,191.52,-632.01,0.0,Low,1.87,87.45,Medium,43.73,Watch / Volatile,Medium,0.0,6626.4,0.0,383.03,0.0,0.0,0.0
SKU015,2025-12-01,187,245,432,9,119,265,224.11,28.01,4.0,36.02,120.06,-276.98,0.0,Low,1.56,55.75,Medium,27.88,Watch / Volatile,Medium,0.0,1256.89,0.0,240.12,0.0,0.0,0.0
SKU028,2025-12-01,174,55,229,11,114,337,279.16,34.89,4.98,54.83,149.55,-60.17,0.0,Low,1.16,16.35,Medium,8.17,Watch / Volatile,Medium,0.0,488.84,0.0,299.1,0.0,0.0,0.0
SKU030,2025-12-01,166,32,198,9,43,104,259.16,32.4,4.63,41.65,138.84,-113.35,0.0,Low,1.2,19.57,Medium,9.78,Watch / Volatile,Medium,0.0,2063.03,0.0,277.67,0.0,0.0,0.0
SKU035,2025-12-01,670,76,746,8,137,304,1248.24,156.03,22.29,178.32,668.7,-430.68,0.0,Low,1.0,0.19,Medium,0.1,Watch / Volatile,Medium,0.0,5848.28,0.0,1337.4,0.0,0.0,0.0
SKU039,2025-12-01,93,35,128,3,17,31,170.76,21.35,3.05,9.15,91.48,-101.85,0.0,Low,1.02,1.66,Medium,0.83,Watch / Volatile,Medium,0.0,3054.05,0.0,182.96,0.0,0.0,0.0
SKU041,2025-12-01,440,40,480,4,78,139,634.66,79.33,11.33,45.33,340.0,-356.67,0.0,Low,1.29,29.41,Medium,14.71,Watch / Volatile,Medium,0.0,5672.73,0.0,679.99,0.0,0.0,0.0
SKU049,2025-12-01,780,599,1379,5,206,344,1397.34,174.67,24.95,124.76,748.58,-1048.24,0.0,Low,1.04,4.2,Medium,2.1,Watch / Volatile,Medium,0.0,5286.31,0.0,1497.15,0.0,0.0,0.0
SKU050,2025-12-01,328,525,853,14,69,316,335.09,41.89,5.98,83.77,179.51,-700.23,0.0,Low,1.83,82.72,Medium,41.36,Watch / Volatile,Medium,0.0,3472.51,0.0,359.03,0.0,0.0,0.0
SKU023,2025-12-01,130,79,209,12,41,148,838.27,104.78,14.97,179.63,449.07,11.63,5.27,Low,0.29,0.0,Low,2.64,Healthy,Low,11.63,3806.6,44267.69,898.15,0.0,0.0,44267.69
SKU005,2025-12-01,471,291,762,6,129,245,932.59,116.57,16.65,99.92,499.6,-533.08,0.0,Low,0.94,0.0,Low,0.0,Healthy,Low,0.0,7432.43,0.0,999.2,0.0,0.0,0.0
SKU007,2025-12-01,207,460,667,8,98,237,1375.84,171.98,24.57,196.55,737.06,-372.45,0.0,Low,0.28,0.0,Low,0.0,Healthy,Low,0.0,4548.03,0.0,1474.12,0.0,0.0,0.0
SKU008,2025-12-01,325,155,480,3,91,161,905.39,113.17,16.17,48.5,485.03,-340.5,0.0,Low,0.67,0.0,Low,0.0,Healthy,Low,0.0,6664.14,0.0,970.06,0.0,0.0,0.0
SKU009,2025-12-01,75,89,164,7,63,131,646.2,80.77,11.54,80.77,346.18,-20.23,0.0,Low,0.22,0.0,Low,0.0,Healthy,Low,0.0,2997.58,0.0,692.35,0.0,0.0,0.0
SKU013,2025-12-01,151,95,246,4,32,61,793.0,99.12,14.16,56.64,424.82,-157.36,0.0,Low,0.36,0.0,Low,0.0,Healthy,Low,0.0,7748.2,0.0,849.64,0.0,0.0,0.0
SKU014,2025-12-01,309,334,643,10,130,299,1204.7,150.59,21.51,215.12,645.37,-297.88,0.0,Low,0.48,0.0,Low,0.0,Healthy,Low,0.0,3121.06,0.0,1290.75,0.0,0.0,0.0
SKU016,2025-12-01,255,187,442,11,30,129,802.68,100.34,14.33,157.67,430.01,-254.33,0.0,Low,0.59,0.0,Low,0.0,Healthy,Low,0.0,2008.55,0.0,860.02,0.0,0.0,0.0
SKU018,2025-12-01,235,102,337,8,66,184,1404.65,175.58,25.08,200.66,752.49,-70.34,0.0,Low,0.31,0.0,Low,0.0,Healthy,Low,0.0,2670.84,0.0,1504.98,0.0,0.0,0.0
SKU019,2025-12-01,227,114,341,14,25,126,917.69,114.71,16.39,229.42,491.62,-86.58,0.0,Low,0.46,0.0,Low,0.0,Healthy,Low,0.0,3252.96,0.0,983.24,0.0,0.0,0.0
SKU021,2025-12-01,88,97,185,9,36,88,461.06,57.63,8.23,74.1,247.0,-74.9,0.0,Low,0.36,0.0,Low,0.0,Healthy,Low,0.0,307.06,0.0,494.0,0.0,0.0,0.0
SKU022,2025-12-01,95,194,289,8,76,163,627.98,78.5,11.21,89.71,336.42,-123.29,0.0,Low,0.28,0.0,Low,0.0,Healthy,Low,0.0,5402.59,0.0,672.84,0.0,0.0,0.0
SKU024,2025-12-01,341,18,359,14,60,259,711.69,88.96,12.71,177.92,381.26,-121.08,0.0,Low,0.89,0.0,Low,0.0,Healthy,Low,0.0,1333.43,0.0,762.52,0.0,0.0,0.0
SKU026,2025-12-01,160,70,230,5,31,59,1300.31,162.54,23.22,116.1,696.59,-82.9,0.0,Low,0.23,0.0,Low,0.0,Healthy,Low,0.0,6178.74,0.0,1393.19,0.0,0.0,0.0
SKU027,2025-12-01,567,103,670,3,83,133,1442.99,180.37,25.77,77.3,773.03,-509.7,0.0,Low,0.73,0.0,Low,0.0,Healthy,Low,0.0,4583.86,0.0,1546.06,0.0,0.0,0.0
SKU029,2025-12-01,261,520,781,5,196,329,900.13,112.52,16.07,80.37,482.21,-504.63,0.0,Low,0.54,0.0,Low,0.0,Healthy,Low,0.0,3416.1,0.0,964.43,0.0,0.0,0.0
SKU032,2025-12-01,278,214,492,11,60,185,535.16,66.9,9.56,105.12,286.69,-326.88,0.0,Low,0.97,0.0,Low,0.0,Healthy,Low,0.0,4567.0,0.0,573.39,0.0,0.0,0.0
SKU033,2025-12-01,208,168,376,12,55,183,1006.64,125.83,17.98,215.71,539.27,-105.29,0.0,Low,0.39,0.0,Low,0.0,Healthy,Low,0.0,3399.5,0.0,1078.54,0.0,0.0,0.0
SKU034,2025-12-01,34,103,137,5,34,58,1105.56,138.2,19.74,98.71,592.26,-4.29,0.0,Low,0.06,0.0,Low,0.0,Healthy,Low,0.0,1544.04,0.0,1184.53,0.0,0.0,0.0
SKU037,2025-12-01,355,687,1042,8,315,644,1335.44,166.93,23.85,190.78,715.42,-536.22,0.0,Low,0.5,0.0,Low,0.0,Healthy,Low,0.0,5646.48,0.0,1430.83,0.0,0.0,0.0
SKU038,2025-12-01,159,310,469,12,56,175,434.86,54.36,7.77,93.19,232.96,-319.81,0.0,Low,0.68,0.0,Low,0.0,Healthy,Low,0.0,3202.91,0.0,465.93,0.0,0.0,0.0
SKU042,2025-12-01,90,120,210,6,41,88,1296.12,162.02,23.15,138.87,694.35,-30.13,0.0,Low,0.13,0.0,Low,0.0,Healthy,Low,0.0,7761.12,0.0,1388.71,0.0,0.0,0.0
SKU043,2025-12-01,559,211,770,12,142,393,1282.41,160.3,22.9,274.8,687.0,-353.2,0.0,Low,0.81,0.0,Low,0.0,Healthy,Low,0.0,3732.55,0.0,1374.01,0.0,0.0,0.0
SKU044,2025-12-01,223,39,262,5,55,93,544.99,68.12,9.73,48.66,291.96,-158.34,0.0,Low,0.76,0.0,Low,0.0,Healthy,Low,0.0,997.03,0.0,583.91,0.0,0.0,0.0
SKU045,2025-12-01,307,142,449,4,88,142,1371.64,171.46,24.49,97.97,734.81,-263.03,0.0,Low,0.42,0.0,Low,0.0,Healthy,Low,0.0,1818.32,0.0,1469.62,0.0,0.0,0.0
SKU046,2025-12-01,119,182,301,4,46,96,531.34,66.42,9.49,37.95,284.65,-217.05,0.0,Low,0.42,0.0,Low,0.0,Healthy,Low,0.0,4738.95,0.0,569.29,0.0,0.0,0.0
SKU047,2025-12-01,201,129,330,9,44,99,868.39,108.55,15.51,139.56,465.21,-146.44,0.0,Low,0.43,0.0,Low,0.0,Healthy,Low,0.0,6128.53,0.0,930.42,0.0,0.0,0.0
SKU048,2025-12-01,106,50,156,3,22,31,464.94,58.12,8.3,24.91,249.07,-109.09,0.0,Low,0.43,0.0,Low,0.0,Healthy,Low,0.0,3598.72,0.0,498.15,0.0,0.0,0.0
